<?xml version="1.0" encoding="utf-8"?>
<!DOCTYPE nta PUBLIC '-//Uppaal Team//DTD Flat System 1.5//EN' 'http://www.it.uu.se/research/group/darts/uppaal/flat-1_5.dtd'>
<nta>
	<declaration>// Place global declarations here.
int x;

int f () {
     do  {
        x++;
    }while (x&lt;=59); 
    return 5;
}</declaration>
	<template>
		<name x="5" y="5">Template</name>
		<declaration>// Place local declarations here.
</declaration>
		<location id="id0" x="-144" y="0">
		</location>
		<location id="id1" x="-306" y="0">
		</location>
		<init ref="id1"/>
		<transition id="id2">
			<source ref="id1"/>
			<target ref="id0"/>
		</transition>
	</template>
	<system>// Place template instantiations here.
Process = Template();
// List one or more processes to be composed into a system.
system Process;
</system>
	<queries>
		<query>
			<formula/>
			<comment/>
		</query>
	</queries>
</nta>
