<?xml version="1.0" encoding="utf-8"?>
<!DOCTYPE nta PUBLIC '-//Uppaal Team//DTD Flat System 1.5//EN' 'http://www.it.uu.se/research/group/darts/uppaal/flat-1_5.dtd'>
<nta>
	<declaration>// Place global declarations here.
const int R = 100;

typedef int[0,R] Rs;


Rs p[10][20]</declaration>
	<template>
		<name x="5" y="5">Template</name>
		<declaration>// Place local declarations here.
</declaration>
		<location id="id0" x="0" y="0">
		</location>
		<init ref="id0"/>
	</template>
	<system>// Place template instantiations here.
Process = Template();
// List one or more processes to be composed into a system.
system Process;
</system>
	<queries>
		<query>
			<formula/>
			<comment/>
		</query>
	</queries>
</nta>
